{
    "now": "2025-05-26T11:56:40.310Z",
    "perfNow": 163003675.7999997,
    "diagnosticCorrelation": "fddac441-84f1-4494-97b5-9101c5a07b77",
    "source": "DownloadSupportFiles",
    "environment": {
        "productName": "adf",
        "buildVersion": "1.0.052025.5",
        "environmentType": 3,
        "resourceName": "covid-reporting-adf-neso",
        "resourceRegion": "uksouth",
        "resourceGroup": "covid-reporting-rg",
        "subscriptionId": "51fd009b-8623-4a84-aad3-cf1a17875c59",
        "sessionId": "TyCqPvHpBfD6KebC2s/pny",
        "operationId": "",
        "gitType": "live",
        "loggingKey": "51c60e31-a1b5-4ccc-9ef0-5c6936cc6575"
    },
    "additionalInfo": {
        "selectedResource": "df_hospital_admissions",
        "selectedResourceType": "dataflow"
    }
}