{
    "name": "df_hospital_admissions",
    "properties": {
        "type": "MappingDataFlow",
        "typeProperties": {
            "sources": [
                {
                    "dataset": {
                        "referenceName": "ds_hospital_admissions",
                        "type": "DatasetReference"
                    },
                    "name": "HospitalAdmissionsSource"
                },
                {
                    "dataset": {
                        "referenceName": "ds_country_lookup",
                        "type": "DatasetReference"
                    },
                    "name": "CountrySource"
                },
                {
                    "dataset": {
                        "referenceName": "ds_dim_date_lookup",
                        "type": "DatasetReference"
                    },
                    "name": "DimDateSource"
                }
            ],
            "sinks": [
                {
                    "dataset": {
                        "referenceName": "ds_processed_hospital_admissions_weekly",
                        "type": "DatasetReference"
                    },
                    "name": "WeeklySink"
                },
                {
                    "dataset": {
                        "referenceName": "ds_processed_admissions_daily",
                        "type": "DatasetReference"
                    },
                    "name": "DailySink"
                }
            ],
            "transformations": [
                {
                    "name": "SelectRequiredColumns"
                },
                {
                    "name": "lookup1"
                },
                {
                    "name": "SelectRequiredColumns2"
                },
                {
                    "name": "SplitDailyFromWeekly"
                },
                {
                    "name": "DeriveECDCYearWeek"
                },
                {
                    "name": "AggDimDate"
                },
                {
                    "name": "JoinWithDate"
                },
                {
                    "name": "PivotWeekly"
                },
                {
                    "name": "PivotDaily"
                },
                {
                    "name": "SortWeekly"
                },
                {
                    "name": "SortDaily"
                },
                {
                    "name": "SelectWeekly"
                },
                {
                    "name": "SelectDaily"
                }
            ],
            "scriptLines": [
                "source(output(",
                "          country as string,",
                "          indicator as string,",
                "          date as date,",
                "          year_week as string,",
                "          value as double,",
                "          source as string,",
                "          url as string",
                "     ),",
                "     allowSchemaDrift: true,",
                "     validateSchema: false,",
                "     ignoreNoFilesFound: false) ~> HospitalAdmissionsSource",
                "source(output(",
                "          country as string,",
                "          country_code_2_digit as string,",
                "          country_code_3_digit as string,",
                "          continent as string,",
                "          population as integer",
                "     ),",
                "     allowSchemaDrift: true,",
                "     validateSchema: false,",
                "     ignoreNoFilesFound: false) ~> CountrySource",
                "source(output(",
                "          date_key as string,",
                "          date as string,",
                "          year as string,",
                "          month as string,",
                "          day as string,",
                "          day_name as string,",
                "          day_of_year as string,",
                "          week_of_month as string,",
                "          week_of_year as string,",
                "          month_name as string,",
                "          year_month as string,",
                "          year_week as string",
                "     ),",
                "     allowSchemaDrift: true,",
                "     validateSchema: false,",
                "     ignoreNoFilesFound: false) ~> DimDateSource",
                "HospitalAdmissionsSource select(mapColumn(",
                "          country,",
                "          indicator,",
                "          reported_date = date,",
                "          reported_year_week = year_week,",
                "          value,",
                "          source",
                "     ),",
                "     skipDuplicateMapInputs: true,",
                "     skipDuplicateMapOutputs: true) ~> SelectRequiredColumns",
                "SelectRequiredColumns, CountrySource lookup(SelectRequiredColumns@country == CountrySource@country,",
                "     multiple: false,",
                "     pickup: 'any',",
                "     broadcast: 'auto')~> lookup1",
                "lookup1 select(mapColumn(",
                "          country = SelectRequiredColumns@country,",
                "          indicator,",
                "          reported_date,",
                "          reported_year_week,",
                "          value,",
                "          source,",
                "          country = CountrySource@country,",
                "          country_code_2_digit,",
                "          country_code_3_digit,",
                "          population",
                "     ),",
                "     skipDuplicateMapInputs: true,",
                "     skipDuplicateMapOutputs: true) ~> SelectRequiredColumns2",
                "SelectRequiredColumns2 split(indicator == \"Weekly new hospital admissions per 100k\" || indicator == \"Weekly new ICU admissions per 100k\",",
                "     disjoint: false) ~> SplitDailyFromWeekly@(Weekly, Daily)",
                "DimDateSource derive(ecdc_year_week = year + \"-W\" + lpad(week_of_year, 2, '0')) ~> DeriveECDCYearWeek",
                "DeriveECDCYearWeek aggregate(groupBy(ecdc_year_week),",
                "     week_start_date = min(date),",
                "          week_end_date = max(date)) ~> AggDimDate",
                "SplitDailyFromWeekly@Weekly, AggDimDate join(reported_year_week == ecdc_year_week,",
                "     joinType:'inner',",
                "     matchType:'exact',",
                "     ignoreSpaces: false,",
                "     broadcast: 'auto')~> JoinWithDate",
                "JoinWithDate pivot(groupBy(country,",
                "          country_code_2_digit,",
                "          country_code_3_digit,",
                "          population,",
                "          reported_year_week,",
                "          source,",
                "          week_start_date,",
                "          week_end_date),",
                "     pivotBy(indicator, ['Weekly new hospital admissions per 100k', 'Weekly new ICU admissions per 100k']),",
                "     count = sum(value),",
                "     columnNaming: '$V_$N',",
                "     lateral: true) ~> PivotWeekly",
                "SplitDailyFromWeekly@Daily pivot(groupBy(country,",
                "          country_code_2_digit,",
                "          country_code_3_digit,",
                "          population,",
                "          reported_date,",
                "          source),",
                "     pivotBy(indicator, ['Daily hospital occupancy', 'Daily ICU occupancy']),",
                "     count = sum(value),",
                "     columnNaming: '$V_$N',",
                "     lateral: true) ~> PivotDaily",
                "PivotWeekly sort(desc(reported_year_week, true),",
                "     asc(country, true)) ~> SortWeekly",
                "PivotDaily sort(desc(reported_date, true),",
                "     asc(country, true)) ~> SortDaily",
                "SortWeekly select(mapColumn(",
                "          country,",
                "          country_code_2_digit,",
                "          country_code_3_digit,",
                "          population,",
                "          reported_year_week,",
                "          reported_week_start_date = week_start_date,",
                "          reported_week_end_date = week_end_date,",
                "          {new hospital admissions per 100k_count} = {Weekly new hospital admissions per 100k_count},",
                "          {new ICU admissions per 100k_count} = {Weekly new ICU admissions per 100k_count},",
                "          source",
                "     ),",
                "     skipDuplicateMapInputs: true,",
                "     skipDuplicateMapOutputs: true) ~> SelectWeekly",
                "SortDaily select(mapColumn(",
                "          country,",
                "          country_code_2_digit,",
                "          country_code_3_digit,",
                "          population,",
                "          reported_date,",
                "          {hospital occupancy_count} = {Daily hospital occupancy_count},",
                "          {ICU occupancy_count} = {Daily ICU occupancy_count},",
                "          source",
                "     ),",
                "     skipDuplicateMapInputs: true,",
                "     skipDuplicateMapOutputs: true) ~> SelectDaily",
                "SelectWeekly sink(allowSchemaDrift: true,",
                "     validateSchema: false,",
                "     umask: 0022,",
                "     preCommands: [],",
                "     postCommands: [],",
                "     skipDuplicateMapInputs: true,",
                "     skipDuplicateMapOutputs: true) ~> WeeklySink",
                "SelectDaily sink(allowSchemaDrift: true,",
                "     validateSchema: false,",
                "     umask: 0022,",
                "     preCommands: [],",
                "     postCommands: [],",
                "     skipDuplicateMapInputs: true,",
                "     skipDuplicateMapOutputs: true) ~> DailySink"
            ]
        }
    }
}